comment_id,docket_id,agency,category,topic,posted_date,submitter_name,submitter_type,word_count,ai_score,ai_assisted,human_score
USCIS-2025-0004-3735,USCIS-2025-0004,USCIS,political_immigration,immigration,2025-04-14,,Unknown,333,0.0,,1.0
USCIS-2025-0004-3739,USCIS-2025-0004,USCIS,political_immigration,immigration,2025-04-14,,Unknown,61,0.0,,1.0
USCIS-2025-0004-3779,USCIS-2025-0004,USCIS,political_immigration,immigration,2025-04-14,,Unknown,78,0.0,,1.0
USCIS-2025-0004-3776,USCIS-2025-0004,USCIS,political_immigration,immigration,2025-04-14,,Unknown,59,0.0,,1.0
USCIS-2025-0004-3707,USCIS-2025-0004,USCIS,political_immigration,immigration,2025-04-14,,Unknown,299,0.0,,1.0
USCIS-2025-0004-3700,USCIS-2025-0004,USCIS,political_immigration,immigration,2025-04-14,,Unknown,138,0.0,,1.0
USCIS-2025-0004-3769,USCIS-2025-0004,USCIS,political_immigration,immigration,2025-04-14,,Unknown,160,1.0,,0.0
USCIS-2025-0004-3786,USCIS-2025-0004,USCIS,political_immigration,immigration,2025-04-14,,Unknown,137,0.0,,1.0
USCIS-2025-0004-3789,USCIS-2025-0004,USCIS,political_immigration,immigration,2025-04-14,,Unknown,319,0.0,,1.0
USCIS-2025-0004-3703,USCIS-2025-0004,USCIS,political_immigration,immigration,2025-04-14,,Unknown,52,0.0,,1.0
USCIS-2025-0004-0142,USCIS-2025-0004,USCIS,political_immigration,immigration,2025-04-01,,Unknown,561,0.0,,1.0
USCIS-2025-0004-0162,USCIS-2025-0004,USCIS,political_immigration,immigration,2025-04-02,,Unknown,58,0.0,,1.0
USCIS-2025-0004-0122,USCIS-2025-0004,USCIS,political_immigration,immigration,2025-03-31,,Unknown,152,1.0,,0.0
USCIS-2025-0004-0165,USCIS-2025-0004,USCIS,political_immigration,immigration,2025-04-02,,Unknown,163,0.0,,1.0
USCIS-2025-0004-0164,USCIS-2025-0004,USCIS,political_immigration,immigration,2025-04-02,,Unknown,76,1.0,,0.0
USCIS-2025-0004-0146,USCIS-2025-0004,USCIS,political_immigration,immigration,2025-04-02,,Unknown,62,0.0,,1.0
USCIS-2025-0004-0144,USCIS-2025-0004,USCIS,political_immigration,immigration,2025-04-01,,Unknown,177,0.0,,1.0
USCIS-2025-0004-0087,USCIS-2025-0004,USCIS,political_immigration,immigration,2025-03-27,,Unknown,67,0.0,,1.0
USCIS-2025-0004-0096,USCIS-2025-0004,USCIS,political_immigration,immigration,2025-03-28,,Unknown,57,0.0,,1.0
USCIS-2025-0004-0173,USCIS-2025-0004,USCIS,political_immigration,immigration,2025-04-02,,Unknown,174,0.0,,1.0
USCIS-2025-0003-0341,USCIS-2025-0003,USCIS,political_immigration,immigration,2025-03-24,,Unknown,51,0.0,,1.0
USCIS-2025-0003-0477,USCIS-2025-0003,USCIS,political_immigration,immigration,2025-03-24,,Unknown,118,0.0,,1.0
USCIS-2025-0003-0352,USCIS-2025-0003,USCIS,political_immigration,immigration,2025-03-24,,Unknown,114,0.0,,1.0
USCIS-2025-0003-0393,USCIS-2025-0003,USCIS,political_immigration,immigration,2025-03-24,,Unknown,101,0.0,,1.0
USCIS-2025-0003-0317,USCIS-2025-0003,USCIS,political_immigration,immigration,2025-03-24,,Unknown,135,0.0,,1.0
USCIS-2025-0003-0476,USCIS-2025-0003,USCIS,political_immigration,immigration,2025-03-24,,Unknown,54,0.0,,1.0
USCIS-2025-0003-0370,USCIS-2025-0003,USCIS,political_immigration,immigration,2025-03-24,,Unknown,81,0.0,,1.0
USCIS-2025-0003-0384,USCIS-2025-0003,USCIS,political_immigration,immigration,2025-03-24,,Unknown,87,0.0,,1.0
USCIS-2025-0003-0330,USCIS-2025-0003,USCIS,political_immigration,immigration,2025-03-24,,Unknown,74,0.0,,1.0
USCIS-2025-0003-0406,USCIS-2025-0003,USCIS,political_immigration,immigration,2025-03-24,,Unknown,57,0.0,,1.0
USCIS-2025-0003-0478,USCIS-2025-0003,USCIS,political_immigration,immigration,2025-03-24,,Unknown,64,0.0,,1.0
USCIS-2025-0003-0643,USCIS-2025-0003,USCIS,political_immigration,immigration,2025-03-25,,Unknown,131,0.0,,1.0
USCIS-2025-0003-0316,USCIS-2025-0003,USCIS,political_immigration,immigration,2025-03-24,,Unknown,236,0.0,,1.0
USCIS-2025-0003-0281,USCIS-2025-0003,USCIS,political_immigration,immigration,2025-03-24,,Unknown,224,0.0,,1.0
USCIS-2025-0003-0323,USCIS-2025-0003,USCIS,political_immigration,immigration,2025-03-24,,Unknown,89,0.0,,1.0
USCIS-2025-0003-0283,USCIS-2025-0003,USCIS,political_immigration,immigration,2025-03-24,,Unknown,72,0.0,,1.0
USCIS-2025-0003-0174,USCIS-2025-0003,USCIS,political_immigration,immigration,2025-03-20,,Unknown,167,1.0,,0.0
USCIS-2025-0003-0279,USCIS-2025-0003,USCIS,political_immigration,immigration,2025-03-24,,Unknown,332,1.0,,0.0
USCIS-2025-0003-0270,USCIS-2025-0003,USCIS,political_immigration,immigration,2025-03-24,,Unknown,77,0.0,,1.0
USCIS-2025-0003-0267,USCIS-2025-0003,USCIS,political_immigration,immigration,2025-03-24,,Unknown,126,0.0,,1.0
USCIS-2025-0002-0056,USCIS-2025-0002,USCIS,political_immigration,immigration,2025-03-05,,Unknown,423,1.0,,0.0
USCIS-2025-0002-0101,USCIS-2025-0002,USCIS,political_immigration,immigration,2025-04-07,,Unknown,122,0.0,,1.0
USCIS-2025-0002-0102,USCIS-2025-0002,USCIS,political_immigration,immigration,2025-04-07,,Unknown,101,1.0,,0.0
USCIS-2025-0002-0090,USCIS-2025-0002,USCIS,political_immigration,immigration,2025-03-10,,Unknown,60,0.0,,1.0
USCIS-2025-0002-0087,USCIS-2025-0002,USCIS,political_immigration,immigration,2025-03-10,,Unknown,69,0.0,,1.0
USCIS-2025-0002-0096,USCIS-2025-0002,USCIS,political_immigration,immigration,2025-03-25,,Unknown,98,0.0,,1.0
USCIS-2025-0002-0067,USCIS-2025-0002,USCIS,political_immigration,immigration,2025-03-05,,Unknown,313,1.0,,0.0
USCIS-2025-0002-0142,USCIS-2025-0002,USCIS,political_immigration,immigration,2025-05-01,,Unknown,115,0.0,,1.0
USCIS-2025-0002-0062,USCIS-2025-0002,USCIS,political_immigration,immigration,2025-03-05,,Unknown,94,1.0,,0.0
USCIS-2025-0002-0055,USCIS-2025-0002,USCIS,political_immigration,immigration,2025-03-05,,Unknown,508,1.0,,0.0
USCIS-2025-0002-0083,USCIS-2025-0002,USCIS,political_immigration,immigration,2025-03-06,,Unknown,69,0.0,,1.0
USCIS-2025-0002-0119,USCIS-2025-0002,USCIS,political_immigration,immigration,2025-04-29,,Unknown,638,0.0,,1.0
USCIS-2025-0002-0147,USCIS-2025-0002,USCIS,political_immigration,immigration,2025-05-02,,Unknown,160,1.0,,0.0
USCIS-2025-0002-0144,USCIS-2025-0002,USCIS,political_immigration,immigration,2025-05-01,,Unknown,191,0.0,,1.0
USCIS-2025-0002-0053,USCIS-2025-0002,USCIS,political_immigration,immigration,2025-03-04,,Unknown,76,0.0,,1.0
USCIS-2025-0002-0063,USCIS-2025-0002,USCIS,political_immigration,immigration,2025-03-05,,Unknown,92,1.0,,0.0
USCIS-2025-0002-0093,USCIS-2025-0002,USCIS,political_immigration,immigration,2025-03-17,,Unknown,125,0.0,,1.0
USCIS-2025-0002-0092,USCIS-2025-0002,USCIS,political_immigration,immigration,2025-03-14,,Unknown,212,1.0,,0.0
USCIS-2025-0002-0079,USCIS-2025-0002,USCIS,political_immigration,immigration,2025-03-06,,Unknown,534,1.0,,0.0
USCIS-2025-0002-0084,USCIS-2025-0002,USCIS,political_immigration,immigration,2025-03-07,,Unknown,238,0.0,,1.0
IRS-2025-0002-0024,IRS-2025-0002,IRS,finance,tax,2025-04-02,,Unknown,150,0.0,,1.0
IRS-2025-0002-0064,IRS-2025-0002,IRS,finance,tax,2025-04-09,,Unknown,194,0.0,,1.0
IRS-2025-0002-0036,IRS-2025-0002,IRS,finance,tax,2025-04-04,,Unknown,80,0.0,,1.0
IRS-2025-0002-0014,IRS-2025-0002,IRS,finance,tax,2025-04-02,,Unknown,272,0.0,,1.0
IRS-2025-0002-0030,IRS-2025-0002,IRS,finance,tax,2025-04-04,,Unknown,65,0.0,,1.0
IRS-2025-0002-0048,IRS-2025-0002,IRS,finance,tax,2025-04-08,,Unknown,129,0.0,,1.0
IRS-2025-0002-0006,IRS-2025-0002,IRS,finance,tax,2025-02-24,,Unknown,118,0.0,,1.0
IRS-2025-0002-0015,IRS-2025-0002,IRS,finance,tax,2025-04-02,,Unknown,61,0.0,,1.0
IRS-2025-0002-0018,IRS-2025-0002,IRS,finance,tax,2025-04-02,,Unknown,154,0.0,,1.0
IRS-2025-0002-0020,IRS-2025-0002,IRS,finance,tax,2025-04-02,,Unknown,109,0.0,,1.0
IRS-2025-0002-0176,IRS-2025-0002,IRS,finance,tax,2025-04-11,,Unknown,64,0.0,,1.0
IRS-2025-0002-0163,IRS-2025-0002,IRS,finance,tax,2025-04-11,,Unknown,192,0.0,,1.0
IRS-2025-0002-0047,IRS-2025-0002,IRS,finance,tax,2025-04-08,,Unknown,674,0.0,,1.0
IRS-2025-0002-0043,IRS-2025-0002,IRS,finance,tax,2025-04-08,,Unknown,103,0.0,,1.0
IRS-2025-0002-0123,IRS-2025-0002,IRS,finance,tax,2025-04-10,,Unknown,216,0.0,,1.0
IRS-2025-0002-0116,IRS-2025-0002,IRS,finance,tax,2025-04-10,,Unknown,61,0.0,,1.0
IRS-2025-0002-0110,IRS-2025-0002,IRS,finance,tax,2025-04-10,,Unknown,66,0.0,,1.0
IRS-2025-0002-0114,IRS-2025-0002,IRS,finance,tax,2025-04-10,,Unknown,149,0.0,,1.0
IRS-2025-0002-0270,IRS-2025-0002,IRS,finance,tax,2025-04-11,,Unknown,51,0.0,,1.0
IRS-2025-0002-0046,IRS-2025-0002,IRS,finance,tax,2025-04-08,,Unknown,662,0.0,,1.0
IRS-2025-0003-0002,IRS-2025-0003,IRS,finance,tax,2025-01-15,,Unknown,94,0.0,,1.0
IRS-2025-0003-0003,IRS-2025-0003,IRS,finance,tax,2025-02-05,,Unknown,357,0.0,,1.0
IRS-2025-0003-0009,IRS-2025-0003,IRS,finance,tax,2025-03-14,,Unknown,68,0.0,,1.0
IRS-2025-0003-0024,IRS-2025-0003,IRS,finance,tax,2025-07-03,,Unknown,127,0.0,,1.0
IRS-2025-0003-0021,IRS-2025-0003,IRS,finance,tax,2025-04-01,,Unknown,153,0.0,,1.0
IRS-2025-0003-0005,IRS-2025-0003,IRS,finance,tax,2025-03-10,,Unknown,98,1.0,,0.0
IRS-2025-0004-0003,IRS-2025-0004,IRS,finance,tax,2025-03-26,,Unknown,263,0.0,,1.0
IRS-2025-0004-0013,IRS-2025-0004,IRS,finance,tax,2025-04-15,,Unknown,238,0.0,,1.0
IRS-2025-0004-0004,IRS-2025-0004,IRS,finance,tax,2025-04-04,,Unknown,201,1.0,,0.0
IRS-2025-0004-0002,IRS-2025-0004,IRS,finance,tax,2025-03-04,,Unknown,79,1.0,,0.0
IRS-2025-0004-0014,IRS-2025-0004,IRS,finance,tax,2025-04-15,,Unknown,153,0.0,,1.0
IRS-2025-0005-0023,IRS-2025-0005,IRS,finance,tax,2025-11-20,,Unknown,192,1.0,,0.0
IRS-2025-0005-0005,IRS-2025-0005,IRS,finance,tax,2025-03-10,,Unknown,216,0.0,,1.0
FINCEN-2025-0001-0021,FinCEN-2025-0001,FinCEN,finance,financial,2025-03-31,,Unknown,61,0.0,,1.0
FINCEN-2025-0001-0015,FinCEN-2025-0001,FinCEN,finance,financial,2025-03-28,,Unknown,138,0.0,,1.0
FINCEN-2025-0001-0055,FinCEN-2025-0001,FinCEN,finance,financial,2025-04-21,,Unknown,50,0.0,,1.0
FINCEN-2025-0001-0065,FinCEN-2025-0001,FinCEN,finance,financial,2025-05-12,,Unknown,276,0.0,,1.0
FINCEN-2025-0001-0071,FinCEN-2025-0001,FinCEN,finance,financial,2025-05-21,,Unknown,94,0.0,,1.0
FINCEN-2025-0001-0097,FinCEN-2025-0001,FinCEN,finance,financial,2025-05-28,,Unknown,503,1.0,,0.0
FINCEN-2025-0001-0057,FinCEN-2025-0001,FinCEN,finance,financial,2025-04-29,,Unknown,227,0.0,,1.0
FINCEN-2025-0001-0079,FinCEN-2025-0001,FinCEN,finance,financial,2025-05-27,,Unknown,132,0.0,,0.0
FINCEN-2025-0001-0043,FinCEN-2025-0001,FinCEN,finance,financial,2025-04-09,,Unknown,78,0.0,,1.0
FINCEN-2025-0001-0008,FinCEN-2025-0001,FinCEN,finance,financial,2025-03-27,,Unknown,312,1.0,,0.0
FINCEN-2025-0001-0010,FinCEN-2025-0001,FinCEN,finance,financial,2025-03-27,,Unknown,620,1.0,,0.0
FINCEN-2025-0001-0049,FinCEN-2025-0001,FinCEN,finance,financial,2025-04-17,,Unknown,85,0.0,,1.0
FINCEN-2025-0001-0024,FinCEN-2025-0001,FinCEN,finance,financial,2025-04-01,,Unknown,75,0.0,,1.0
FINCEN-2025-0001-0028,FinCEN-2025-0001,FinCEN,finance,financial,2025-04-01,,Unknown,102,1.0,,0.0
FINCEN-2025-0001-0011,FinCEN-2025-0001,FinCEN,finance,financial,2025-03-27,,Unknown,65,0.0,,1.0
FINCEN-2025-0001-0004,FinCEN-2025-0001,FinCEN,finance,financial,2025-03-27,,Unknown,672,0.0,,1.0
FINCEN-2025-0001-0030,FinCEN-2025-0001,FinCEN,finance,financial,2025-04-02,,Unknown,91,0.0,,1.0
FINCEN-2025-0001-0038,FinCEN-2025-0001,FinCEN,finance,financial,2025-04-03,,Unknown,64,0.0,,1.0
FINCEN-2025-0001-0022,FinCEN-2025-0001,FinCEN,finance,financial,2025-03-31,,Unknown,230,0.0,,1.0
FINCEN-2025-0001-0014,FinCEN-2025-0001,FinCEN,finance,financial,2025-03-28,,Unknown,111,0.0,,1.0
FTC-2025-0002-0003,FTC-2025-0002,FTC,finance,competition,2025-01-06,,Unknown,66,0.0,,1.0
FTC-2025-0002-0009,FTC-2025-0002,FTC,finance,competition,2025-01-07,,Unknown,109,0.0,,1.0
FTC-2025-0002-0002,FTC-2025-0002,FTC,finance,competition,2025-01-06,,Unknown,344,0.0,,1.0
FTC-2025-0002-0032,FTC-2025-0002,FTC,finance,competition,2025-01-13,,Unknown,75,0.0,,1.0
FTC-2025-0002-0018,FTC-2025-0002,FTC,finance,competition,2025-01-08,,Unknown,137,0.0,,1.0
FTC-2025-0002-0049,FTC-2025-0002,FTC,finance,competition,2025-02-03,,Unknown,311,1.0,,0.0
FTC-2025-0002-0019,FTC-2025-0002,FTC,finance,competition,2025-01-10,,Unknown,494,0.0,,1.0
FTC-2025-0002-0037,FTC-2025-0002,FTC,finance,competition,2025-01-17,,Unknown,161,0.0,,1.0
FTC-2025-0002-0033,FTC-2025-0002,FTC,finance,competition,2025-01-15,,Unknown,187,0.0,,1.0
FTC-2025-0002-0035,FTC-2025-0002,FTC,finance,competition,2025-01-16,,Unknown,193,0.0,,1.0
FTC-2025-0002-0047,FTC-2025-0002,FTC,finance,competition,2025-02-03,,Unknown,388,0.0,,1.0
FTC-2025-0002-0015,FTC-2025-0002,FTC,finance,competition,2025-01-08,,Unknown,87,0.0,,1.0
FTC-2025-0002-0039,FTC-2025-0002,FTC,finance,competition,2025-01-17,,Unknown,81,0.0,,1.0
FTC-2025-0002-0050,FTC-2025-0002,FTC,finance,competition,2025-02-04,,Unknown,480,0.0,,1.0
FTC-2025-0002-0026,FTC-2025-0002,FTC,finance,competition,2025-01-10,,Unknown,86,0.0,,1.0
FTC-2025-0002-0040,FTC-2025-0002,FTC,finance,competition,2025-01-17,,Unknown,198,0.0,,1.0
FTC-2025-0002-0025,FTC-2025-0002,FTC,finance,competition,2025-01-10,,Unknown,218,0.0,,1.0
FTC-2025-0002-0038,FTC-2025-0002,FTC,finance,competition,2025-01-17,,Unknown,163,0.0,,1.0
FTC-2025-0002-0016,FTC-2025-0002,FTC,finance,competition,2025-01-08,,Unknown,93,0.0,,1.0
FTC-2025-0002-0017,FTC-2025-0002,FTC,finance,competition,2025-01-08,,Unknown,64,0.0,,1.0
OCC-2025-0005-0032,OCC-2025-0005,OCC,finance,banking,2025-08-20,,Unknown,728,0.0,,1.0
OCC-2025-0005-0004,OCC-2025-0005,OCC,finance,banking,2025-08-14,,Unknown,224,0.0,,1.0
OCC-2025-0005-0003,OCC-2025-0005,OCC,finance,banking,2025-08-04,,Unknown,315,1.0,,0.0
DOL-2025-0005-0008,DOL-2025-0005,DOL,labor,labor,2025-07-25,,Unknown,145,0.0,,1.0
DOL-2025-0005-0045,DOL-2025-0005,DOL,labor,labor,2025-07-25,,Unknown,83,0.0,,1.0
DOL-2025-0005-0051,DOL-2025-0005,DOL,labor,labor,2025-07-29,,Unknown,102,0.0,,1.0
DOL-2025-0005-0032,DOL-2025-0005,DOL,labor,labor,2025-07-25,,Unknown,54,0.0,,1.0
DOL-2025-0005-0066,DOL-2025-0005,DOL,labor,labor,2025-07-31,,Unknown,288,0.0,,1.0
DOL-2025-0005-0072,DOL-2025-0005,DOL,labor,labor,2025-08-04,,Unknown,104,0.0,,1.0
DOL-2025-0005-0036,DOL-2025-0005,DOL,labor,labor,2025-07-25,,Unknown,95,0.0,,1.0
DOL-2025-0005-0074,DOL-2025-0005,DOL,labor,labor,2025-08-04,,Unknown,299,0.0,,1.0
DOL-2025-0005-0076,DOL-2025-0005,DOL,labor,labor,2025-08-04,,Unknown,200,0.0,,1.0
DOL-2025-0005-0065,DOL-2025-0005,DOL,labor,labor,2025-07-31,,Unknown,69,0.0,,1.0
DOL-2025-0005-0023,DOL-2025-0005,DOL,labor,labor,2025-07-25,,Unknown,86,0.0,,1.0
DOL-2025-0005-0022,DOL-2025-0005,DOL,labor,labor,2025-07-25,,Unknown,248,0.0,,1.0
DOL-2025-0005-0055,DOL-2025-0005,DOL,labor,labor,2025-07-30,,Unknown,206,0.0,,1.0
DOL-2025-0005-0061,DOL-2025-0005,DOL,labor,labor,2025-07-30,,Unknown,226,0.0,,1.0
DOL-2025-0005-0067,DOL-2025-0005,DOL,labor,labor,2025-07-31,,Unknown,551,0.0,,1.0
DOL-2025-0005-0053,DOL-2025-0005,DOL,labor,labor,2025-07-29,,Unknown,117,0.0,,1.0
DOL-2025-0005-0025,DOL-2025-0005,DOL,labor,labor,2025-07-25,,Unknown,56,0.0,,1.0
DOL-2025-0005-0017,DOL-2025-0005,DOL,labor,labor,2025-07-25,,Unknown,75,0.0,,1.0
DOL-2025-0005-0012,DOL-2025-0005,DOL,labor,labor,2025-07-25,,Unknown,61,0.0,,1.0
DOL-2025-0005-0035,DOL-2025-0005,DOL,labor,labor,2025-07-25,,Unknown,148,0.0,,1.0
NPS-2025-0001-0012,NPS-2025-0001,NPS,public_lands_routine,public_lands,2025-02-07,,Unknown,175,0.0,,1.0
NPS-2025-0001-0042,NPS-2025-0001,NPS,public_lands_routine,public_lands,2025-02-25,,Unknown,342,0.0,,1.0
NPS-2025-0001-0051,NPS-2025-0001,NPS,public_lands_routine,public_lands,2025-03-04,,Unknown,129,0.0,,1.0
NPS-2025-0001-0049,NPS-2025-0001,NPS,public_lands_routine,public_lands,2025-03-03,,Unknown,61,0.0,,1.0
NPS-2025-0001-0013,NPS-2025-0001,NPS,public_lands_routine,public_lands,2025-02-07,,Unknown,82,0.0,,1.0
NPS-2025-0001-0015,NPS-2025-0001,NPS,public_lands_routine,public_lands,2025-02-13,,Unknown,391,1.0,,0.0
NPS-2025-0001-0053,NPS-2025-0001,NPS,public_lands_routine,public_lands,2025-03-13,,Unknown,212,0.0,,1.0
NPS-2025-0001-0004,NPS-2025-0001,NPS,public_lands_routine,public_lands,2025-02-04,,Unknown,336,0.0,,1.0
NPS-2025-0001-0005,NPS-2025-0001,NPS,public_lands_routine,public_lands,2025-02-04,,Unknown,191,0.0,,1.0
NPS-2025-0001-0034,NPS-2025-0001,NPS,public_lands_routine,public_lands,2025-02-24,,Unknown,96,0.0,,1.0
NPS-2025-0001-0011,NPS-2025-0001,NPS,public_lands_routine,public_lands,2025-02-05,,Unknown,134,0.0,,1.0
NPS-2025-0001-0024,NPS-2025-0001,NPS,public_lands_routine,public_lands,2025-02-21,,Unknown,70,0.0,,1.0
NPS-2025-0001-0062,NPS-2025-0001,NPS,public_lands_routine,public_lands,2025-03-18,,Unknown,705,0.0,,1.0
NPS-2025-0001-0045,NPS-2025-0001,NPS,public_lands_routine,public_lands,2025-03-03,,Unknown,59,0.0,,1.0
NPS-2025-0001-0057,NPS-2025-0001,NPS,public_lands_routine,public_lands,2025-03-17,,Unknown,377,0.0,,1.0
NPS-2025-0001-0010,NPS-2025-0001,NPS,public_lands_routine,public_lands,2025-02-05,,Unknown,101,0.0,,1.0
NPS-2025-0001-0030,NPS-2025-0001,NPS,public_lands_routine,public_lands,2025-02-21,,Unknown,99,0.0,,1.0
NPS-2025-0001-0031,NPS-2025-0001,NPS,public_lands_routine,public_lands,2025-02-24,,Unknown,121,0.0,,1.0
NPS-2025-0001-0035,NPS-2025-0001,NPS,public_lands_routine,public_lands,2025-02-24,,Unknown,112,0.0,,1.0
NPS-2025-0001-0014,NPS-2025-0001,NPS,public_lands_routine,public_lands,2025-02-07,,Unknown,88,0.0,,1.0
NPS-2025-0003-0010,NPS-2025-0003,NPS,public_lands_routine,public_lands,2025-02-03,,Unknown,68,0.0,,1.0
NPS-2025-0003-0031,NPS-2025-0003,NPS,public_lands_routine,public_lands,2025-02-05,,Unknown,81,0.0,,1.0
NPS-2025-0003-0027,NPS-2025-0003,NPS,public_lands_routine,public_lands,2025-02-05,,Unknown,96,0.0,,1.0
NPS-2025-0003-0020,NPS-2025-0003,NPS,public_lands_routine,public_lands,2025-02-05,,Unknown,83,0.0,,1.0
NPS-2025-0003-0006,NPS-2025-0003,NPS,public_lands_routine,public_lands,2025-02-03,,Unknown,144,1.0,,0.0
NPS-2025-0003-0036,NPS-2025-0003,NPS,public_lands_routine,public_lands,2025-02-18,,Unknown,796,0.0,,1.0
NPS-2025-0003-0015,NPS-2025-0003,NPS,public_lands_routine,public_lands,2025-02-05,,Unknown,57,0.0,,1.0
NPS-2025-0003-0017,NPS-2025-0003,NPS,public_lands_routine,public_lands,2025-02-05,,Unknown,99,0.0,,1.0
NPS-2025-0003-0018,NPS-2025-0003,NPS,public_lands_routine,public_lands,2025-02-05,,Unknown,52,0.0,,1.0
NPS-2025-0003-0049,NPS-2025-0003,NPS,public_lands_routine,public_lands,2025-03-03,,Unknown,54,0.0,,1.0
NPS-2025-0003-0045,NPS-2025-0003,NPS,public_lands_routine,public_lands,2025-02-26,,Unknown,176,0.0,,1.0
NPS-2025-0003-0057,NPS-2025-0003,NPS,public_lands_routine,public_lands,2025-03-03,,Unknown,77,0.0,,1.0
NPS-2025-0003-0053,NPS-2025-0003,NPS,public_lands_routine,public_lands,2025-03-03,,Unknown,140,0.0,,1.0
NPS-2025-0003-0026,NPS-2025-0003,NPS,public_lands_routine,public_lands,2025-02-05,,Unknown,82,0.0,,1.0
NPS-2025-0003-0003,NPS-2025-0003,NPS,public_lands_routine,public_lands,2025-01-27,,Unknown,235,0.0,,1.0
NPS-2025-0003-0060,NPS-2025-0003,NPS,public_lands_routine,public_lands,2025-03-10,,Unknown,74,0.0,,1.0
NPS-2025-0003-0058,NPS-2025-0003,NPS,public_lands_routine,public_lands,2025-03-03,,Unknown,179,0.0,,1.0
NPS-2025-0003-0011,NPS-2025-0003,NPS,public_lands_routine,public_lands,2025-02-03,,Unknown,82,0.0,,1.0
NPS-2025-0003-0056,NPS-2025-0003,NPS,public_lands_routine,public_lands,2025-03-03,,Unknown,94,0.0,,1.0
NPS-2025-0003-0054,NPS-2025-0003,NPS,public_lands_routine,public_lands,2025-03-03,,Unknown,70,0.0,,1.0
BLM-2025-0001-0349,BLM-2025-0001,BLM,political_environment,public_lands,2025-09-15,,Unknown,370,0.0,,1.0
BLM-2025-0001-0374,BLM-2025-0001,BLM,political_environment,public_lands,2025-09-15,,Unknown,54,0.0,,1.0
BLM-2025-0001-0330,BLM-2025-0001,BLM,political_environment,public_lands,2025-09-15,,Unknown,338,0.0,,1.0
BLM-2025-0001-0357,BLM-2025-0001,BLM,political_environment,public_lands,2025-09-15,,Unknown,85,0.0,,1.0
BLM-2025-0001-0359,BLM-2025-0001,BLM,political_environment,public_lands,2025-09-15,,Unknown,72,0.0,,1.0
BLM-2025-0001-0393,BLM-2025-0001,BLM,political_environment,public_lands,2025-09-15,,Unknown,75,0.0,,1.0
BLM-2025-0001-0302,BLM-2025-0001,BLM,political_environment,public_lands,2025-09-15,,Unknown,136,0.0,,1.0
BLM-2025-0001-0383,BLM-2025-0001,BLM,political_environment,public_lands,2025-09-15,,Unknown,122,0.0,,1.0
BLM-2025-0001-0313,BLM-2025-0001,BLM,political_environment,public_lands,2025-09-15,,Unknown,265,0.0,,1.0
BLM-2025-0001-0387,BLM-2025-0001,BLM,political_environment,public_lands,2025-09-15,,Unknown,285,1.0,,0.0
BLM-2025-0001-0347,BLM-2025-0001,BLM,political_environment,public_lands,2025-09-15,,Unknown,51,0.0,,1.0
BLM-2025-0001-0363,BLM-2025-0001,BLM,political_environment,public_lands,2025-09-15,,Unknown,427,1.0,,0.0
BLM-2025-0001-6655,BLM-2025-0001,BLM,political_environment,public_lands,2025-10-31,,Unknown,236,0.0,,1.0
BLM-2025-0001-6545,BLM-2025-0001,BLM,political_environment,public_lands,2025-10-31,,Unknown,100,0.0,,1.0
BLM-2025-0001-6542,BLM-2025-0001,BLM,political_environment,public_lands,2025-10-31,,Unknown,62,1.0,,0.0
BLM-2025-0001-6531,BLM-2025-0001,BLM,political_environment,public_lands,2025-10-31,,Unknown,304,1.0,,0.0
BLM-2025-0001-6544,BLM-2025-0001,BLM,political_environment,public_lands,2025-10-31,,Unknown,194,0.0,,1.0
BLM-2025-0001-6509,BLM-2025-0001,BLM,political_environment,public_lands,2025-10-31,,Unknown,122,1.0,,0.0
BLM-2025-0001-6539,BLM-2025-0001,BLM,political_environment,public_lands,2025-10-31,,Unknown,254,0.0,,1.0
BLM-2025-0001-6530,BLM-2025-0001,BLM,political_environment,public_lands,2025-10-31,,Unknown,404,0.0,,1.0
BLM-2025-0002-10993,BLM-2025-0002,BLM,political_environment,public_lands,2025-06-27,,Unknown,242,1.0,,0.0
BLM-2025-0002-11976,BLM-2025-0002,BLM,political_environment,public_lands,2025-06-27,,Unknown,564,0.0,,1.0
BLM-2025-0002-11352,BLM-2025-0002,BLM,political_environment,public_lands,2025-06-27,,Unknown,263,1.0,,0.0
BLM-2025-0002-11401,BLM-2025-0002,BLM,political_environment,public_lands,2025-06-27,,Unknown,241,1.0,,0.0
BLM-2025-0002-15991,BLM-2025-0002,BLM,political_environment,public_lands,2025-06-27,,Unknown,268,0.0,,1.0
BLM-2025-0002-9280,BLM-2025-0002,BLM,political_environment,public_lands,2025-06-26,,Unknown,576,0.0,,1.0
BLM-2025-0002-16395,BLM-2025-0002,BLM,political_environment,public_lands,2025-06-27,,Unknown,250,1.0,,0.0
BLM-2025-0002-15206,BLM-2025-0002,BLM,political_environment,public_lands,2025-06-27,,Unknown,240,1.0,,0.0
BLM-2025-0002-15275,BLM-2025-0002,BLM,political_environment,public_lands,2025-06-27,,Unknown,267,1.0,,0.0
BLM-2025-0002-15364,BLM-2025-0002,BLM,political_environment,public_lands,2025-06-27,,Unknown,238,1.0,,0.0
BLM-2025-0002-15234,BLM-2025-0002,BLM,political_environment,public_lands,2025-06-27,,Unknown,261,1.0,,0.0
BLM-2025-0002-16349,BLM-2025-0002,BLM,political_environment,public_lands,2025-06-27,,Unknown,242,1.0,,0.0
BLM-2025-0002-11713,BLM-2025-0002,BLM,political_environment,public_lands,2025-06-27,,Unknown,250,1.0,,0.0
BLM-2025-0002-16042,BLM-2025-0002,BLM,political_environment,public_lands,2025-06-27,,Unknown,240,1.0,,0.0
BLM-2025-0002-15518,BLM-2025-0002,BLM,political_environment,arctic_drilling,2025-06-27,,Unknown,564,0.0,0.0,1.0
BLM-2025-0002-15500,BLM-2025-0002,BLM,political_environment,arctic_drilling,2025-06-27,,Unknown,242,1.0,0.0,0.0
BLM-2025-0002-15895,BLM-2025-0002,BLM,political_environment,arctic_drilling,2025-06-27,,Unknown,268,0.0,0.0,1.0
BLM-2025-0002-9176,BLM-2025-0002,BLM,political_environment,arctic_drilling,2025-06-26,,Unknown,278,0.0,0.0,1.0
BLM-2025-0001-0065,BLM-2025-0001,BLM,political_environment,public_lands_rescission,2025-09-15,,Unknown,338,0.0,0.0,1.0
BLM-2025-0001-0188,BLM-2025-0001,BLM,political_environment,public_lands_rescission,2025-09-15,,Unknown,369,0.0,0.0,1.0
BLM-2025-0001-0008,BLM-2025-0001,BLM,political_environment,public_lands_rescission,2025-09-15,,Unknown,68,0.0,0.0,1.0
BLM-2025-0001-0031,BLM-2025-0001,BLM,political_environment,public_lands_rescission,2025-09-15,,Unknown,102,0.0,0.0,1.0
BLM-2025-0001-0079,BLM-2025-0001,BLM,political_environment,public_lands_rescission,2025-09-15,,Unknown,276,0.0,0.0,1.0
BLM-2025-0001-0113,BLM-2025-0001,BLM,political_environment,public_lands_rescission,2025-09-15,,Unknown,409,0.0,0.0,1.0
BLM-2025-0001-0030,BLM-2025-0001,BLM,political_environment,public_lands_rescission,2025-09-15,,Unknown,72,0.0,0.0,1.0
BLM-2025-0001-0055,BLM-2025-0001,BLM,political_environment,public_lands_rescission,2025-09-15,,Unknown,144,0.0,0.0,1.0
BLM-2025-0001-0165,BLM-2025-0001,BLM,political_environment,public_lands_rescission,2025-09-15,,Unknown,411,0.0,0.0,1.0
BLM-2025-0001-0177,BLM-2025-0001,BLM,political_environment,public_lands_rescission,2025-09-15,,Unknown,144,0.0,0.0,1.0
BLM-2025-0001-0195,BLM-2025-0001,BLM,political_environment,public_lands_rescission,2025-09-15,,Unknown,68,0.0,0.0,1.0
BLM-2025-0001-0222,BLM-2025-0001,BLM,political_environment,public_lands_rescission,2025-09-15,,Unknown,210,1.0,0.0,0.0
BLM-2025-0001-0129,BLM-2025-0001,BLM,political_environment,public_lands_rescission,2025-09-15,,Unknown,66,0.0,0.0,1.0
BLM-2025-0001-0426,BLM-2025-0001,BLM,political_environment,public_lands_rescission,2025-09-15,,Unknown,234,1.0,0.0,0.0
BLM-2025-0001-0005,BLM-2025-0001,BLM,political_environment,public_lands_rescission,2025-09-15,,Unknown,83,0.0,0.0,1.0
BLM-2025-0001-0041,BLM-2025-0001,BLM,political_environment,public_lands_rescission,2025-09-15,,Unknown,77,0.0,0.0,1.0
BLM-2025-0001-0420,BLM-2025-0001,BLM,political_environment,public_lands_rescission,2025-09-15,,Unknown,52,0.0,0.0,1.0
BLM-2025-0001-0021,BLM-2025-0001,BLM,political_environment,public_lands_rescission,2025-09-15,,Unknown,107,0.0,0.0,1.0
BLM-2025-0001-0412,BLM-2025-0001,BLM,political_environment,public_lands_rescission,2025-09-15,,Unknown,147,0.0,0.0,1.0
BLM-2025-0001-0010,BLM-2025-0001,BLM,political_environment,public_lands_rescission,2025-09-15,,Unknown,152,0.0,0.0,1.0
BLM-2025-0001-0396,BLM-2025-0001,BLM,political_environment,public_lands_rescission,2025-09-15,,Unknown,78,0.0,0.0,1.0
BLM-2025-0001-0007,BLM-2025-0001,BLM,political_environment,public_lands_rescission,2025-09-15,,Unknown,136,0.0,0.0,1.0
BLM-2025-0001-0416,BLM-2025-0001,BLM,political_environment,public_lands_rescission,2025-09-15,,Unknown,152,1.0,0.0,0.0
BLM-2025-0001-0432,BLM-2025-0001,BLM,political_environment,public_lands_rescission,2025-09-15,,Unknown,167,0.0,0.0,1.0
BLM-2025-0001-0417,BLM-2025-0001,BLM,political_environment,public_lands_rescission,2025-09-15,,Unknown,256,1.0,0.0,0.0
BLM-2025-0001-0411,BLM-2025-0001,BLM,political_environment,public_lands_rescission,2025-09-15,,Unknown,93,0.0,0.0,1.0
BLM-2025-0001-0259,BLM-2025-0001,BLM,political_environment,public_lands_rescission,2025-09-15,,Unknown,93,0.0,0.0,1.0
BLM-2025-0001-0183,BLM-2025-0001,BLM,political_environment,public_lands_rescission,2025-09-15,,Unknown,61,0.0,0.0,1.0
BLM-2025-0001-0123,BLM-2025-0001,BLM,political_environment,public_lands_rescission,2025-09-15,,Unknown,354,0.0,0.0,1.0
BLM-2025-0001-0273,BLM-2025-0001,BLM,political_environment,public_lands_rescission,2025-09-15,,Unknown,393,0.0,0.0,1.0
BLM-2025-0001-0236,BLM-2025-0001,BLM,political_environment,public_lands_rescission,2025-09-15,,Unknown,50,0.0,0.0,1.0
BLM-2025-0001-0231,BLM-2025-0001,BLM,political_environment,public_lands_rescission,2025-09-15,,Unknown,388,0.0,0.0,1.0
BLM-2025-0001-0227,BLM-2025-0001,BLM,political_environment,public_lands_rescission,2025-09-15,,Unknown,58,0.0,0.0,1.0
USCIS-2025-0006-0030,USCIS-2025-0006,USCIS,political_immigration,immigration_policy,2025-10-20,,Unknown,623,0.0,0.0,1.0
USCIS-2025-0006-0002,USCIS-2025-0006,USCIS,political_immigration,immigration_policy,2025-05-29,,Unknown,231,0.0,0.0,1.0
USCIS-2025-0006-0016,USCIS-2025-0006,USCIS,political_immigration,immigration_policy,2025-07-25,,Unknown,271,0.0,0.0,1.0
USCIS-2025-0006-0010,USCIS-2025-0006,USCIS,political_immigration,immigration_policy,2025-07-11,,Unknown,311,0.0,0.0,1.0
USCIS-2025-0006-0028,USCIS-2025-0006,USCIS,political_immigration,immigration_policy,2025-10-20,,Unknown,701,0.0,0.13,0.87
USCIS-2025-0006-0011,USCIS-2025-0006,USCIS,political_immigration,immigration_policy,2025-07-22,,Unknown,170,0.0,0.0,1.0
USCIS-2025-0006-0015,USCIS-2025-0006,USCIS,political_immigration,immigration_policy,2025-07-24,,Unknown,148,0.0,0.0,1.0
USCIS-2025-0006-0006,USCIS-2025-0006,USCIS,political_immigration,immigration_policy,2025-05-30,,Unknown,194,0.0,0.0,1.0
USCIS-2025-0006-0007,USCIS-2025-0006,USCIS,political_immigration,immigration_policy,2025-06-02,,Unknown,214,0.0,0.0,1.0
USCIS-2025-0006-0029,USCIS-2025-0006,USCIS,political_immigration,immigration_policy,2025-10-20,,Unknown,352,0.0,1.0,0.0
USCIS-2025-0006-0008,USCIS-2025-0006,USCIS,political_immigration,immigration_policy,2025-06-04,,Unknown,430,1.0,0.0,0.0
USCIS-2025-0006-0023,USCIS-2025-0006,USCIS,political_immigration,immigration_policy,2025-10-02,,Unknown,120,0.0,0.0,1.0
USCIS-2025-0002-0106,USCIS-2025-0002,USCIS,political_immigration,immigration_policy,2025-04-10,,Unknown,208,0.0,0.0,1.0
USCIS-2025-0002-0229,USCIS-2025-0002,USCIS,political_immigration,immigration_policy,2025-09-04,,Unknown,150,0.0,0.0,1.0
USCIS-2025-0002-0154,USCIS-2025-0002,USCIS,political_immigration,immigration_policy,2025-05-02,,Unknown,188,0.0,0.0,1.0
USCIS-2025-0002-0071,USCIS-2025-0002,USCIS,political_immigration,immigration_policy,2025-03-06,,Unknown,668,1.0,0.0,0.0
USCIS-2025-0002-0065,USCIS-2025-0002,USCIS,political_immigration,immigration_policy,2025-03-05,,Unknown,533,1.0,0.0,0.0
USCIS-2025-0002-0137,USCIS-2025-0002,USCIS,political_immigration,immigration_policy,2025-05-01,,Unknown,148,0.0,0.0,1.0
USCIS-2025-0002-0061,USCIS-2025-0002,USCIS,political_immigration,immigration_policy,2025-03-05,,Unknown,585,0.0,0.0,1.0
USCIS-2025-0002-0104,USCIS-2025-0002,USCIS,political_immigration,immigration_policy,2025-04-08,,Unknown,314,1.0,0.0,0.0
USCIS-2025-0002-0170,USCIS-2025-0002,USCIS,political_immigration,immigration_policy,2025-05-03,,Unknown,141,0.0,0.0,1.0
USCIS-2025-0002-0074,USCIS-2025-0002,USCIS,political_immigration,immigration_policy,2025-03-06,,Unknown,71,0.0,0.0,1.0
USCIS-2025-0002-0169,USCIS-2025-0002,USCIS,political_immigration,immigration_policy,2025-05-03,,Unknown,230,0.0,0.0,1.0
USCIS-2025-0002-0158,USCIS-2025-0002,USCIS,political_immigration,immigration_policy,2025-05-02,,Unknown,122,0.0,0.0,1.0
USCIS-2025-0002-0098,USCIS-2025-0002,USCIS,political_immigration,immigration_policy,2025-03-28,,Unknown,714,0.0,0.0,1.0
USCIS-2025-0002-0174,USCIS-2025-0002,USCIS,political_immigration,immigration_policy,2025-05-03,,Unknown,108,0.0,0.0,1.0
USCIS-2025-0002-0097,USCIS-2025-0002,USCIS,political_immigration,immigration_policy,2025-03-28,,Unknown,797,0.0,0.0,1.0
USCIS-2025-0002-0099,USCIS-2025-0002,USCIS,political_immigration,immigration_policy,2025-03-28,,Unknown,103,0.0,0.0,1.0
USCIS-2025-0002-0107,USCIS-2025-0002,USCIS,political_immigration,immigration_policy,2025-04-14,,Unknown,162,0.0,0.0,1.0
USCIS-2025-0002-0081,USCIS-2025-0002,USCIS,political_immigration,immigration_policy,2025-03-06,,Unknown,496,0.0,0.0,1.0
USCIS-2025-0002-0076,USCIS-2025-0002,USCIS,political_immigration,immigration_policy,2025-03-06,,Unknown,407,0.0,0.0,1.0
USCIS-2025-0002-0184,USCIS-2025-0002,USCIS,political_immigration,immigration_policy,2025-04-28,,Unknown,350,0.0,0.0,1.0
USCIS-2025-0002-0091,USCIS-2025-0002,USCIS,political_immigration,immigration_policy,2025-03-11,,Unknown,485,1.0,0.0,0.0
USCIS-2025-0002-0044,USCIS-2025-0002,USCIS,political_immigration,immigration_policy,2025-03-04,,Unknown,125,1.0,0.0,0.0
USCIS-2025-0002-0073,USCIS-2025-0002,USCIS,political_immigration,immigration_policy,2025-03-06,,Unknown,124,0.0,0.0,1.0
USCIS-2025-0002-0085,USCIS-2025-0002,USCIS,political_immigration,immigration_policy,2025-03-07,,Unknown,90,0.0,0.0,1.0
USCIS-2025-0002-0060,USCIS-2025-0002,USCIS,political_immigration,immigration_policy,2025-03-05,,Unknown,104,0.0,0.0,1.0
USCIS-2025-0002-0094,USCIS-2025-0002,USCIS,political_immigration,immigration_policy,2025-03-19,,Unknown,243,1.0,0.0,0.0
USCIS-2025-0002-0002,USCIS-2025-0002,USCIS,political_immigration,immigration_policy,2025-03-03,,Unknown,171,1.0,0.0,0.0
USCIS-2025-0002-0088,USCIS-2025-0002,USCIS,political_immigration,immigration_policy,2025-03-10,,Unknown,98,1.0,0.0,0.0
USCIS-2025-0002-0155,USCIS-2025-0002,USCIS,political_immigration,immigration_policy,2025-05-02,,Unknown,280,0.0,0.0,1.0
USCIS-2025-0002-0140,USCIS-2025-0002,USCIS,political_immigration,immigration_policy,2025-05-01,,Unknown,93,0.0,0.0,1.0
USCIS-2025-0002-0068,USCIS-2025-0002,USCIS,political_immigration,immigration_policy,2025-03-05,,Unknown,53,0.0,0.0,1.0
USCIS-2025-0002-0064,USCIS-2025-0002,USCIS,political_immigration,immigration_policy,2025-03-05,,Unknown,100,1.0,0.0,0.0
USCIS-2025-0002-0059,USCIS-2025-0002,USCIS,political_immigration,immigration_policy,2025-03-05,,Unknown,101,1.0,0.0,0.0
USCIS-2025-0002-0133,USCIS-2025-0002,USCIS,political_immigration,immigration_policy,2025-05-01,,Unknown,80,0.0,0.0,1.0
WHD-2025-0001-0940,WHD-2025-0001,WHD,labor,wage_hour,2025-08-25,,Unknown,61,0.0,0.0,1.0
WHD-2025-0001-0973,WHD-2025-0001,WHD,labor,wage_hour,2025-08-25,,Unknown,132,0.0,0.0,1.0
WHD-2025-0001-0986,WHD-2025-0001,WHD,labor,wage_hour,2025-08-25,,Unknown,75,0.0,0.0,1.0
WHD-2025-0001-0982,WHD-2025-0001,WHD,labor,wage_hour,2025-08-25,,Unknown,53,0.0,0.0,1.0
WHD-2025-0001-0123,WHD-2025-0001,WHD,labor,wage_hour,2025-08-01,,Unknown,89,0.0,0.0,1.0
WHD-2025-0001-0956,WHD-2025-0001,WHD,labor,wage_hour,2025-08-25,,Unknown,474,0.0,0.0,1.0
WHD-2025-0001-0993,WHD-2025-0001,WHD,labor,wage_hour,2025-08-25,,Unknown,113,0.0,0.0,1.0
WHD-2025-0001-0125,WHD-2025-0001,WHD,labor,wage_hour,2025-08-01,,Unknown,81,0.0,0.0,1.0
WHD-2025-0001-0966,WHD-2025-0001,WHD,labor,wage_hour,2025-08-25,,Unknown,164,0.0,0.0,1.0
WHD-2025-0001-0856,WHD-2025-0001,WHD,labor,wage_hour,2025-08-25,,Unknown,61,0.0,0.0,1.0
WHD-2025-0001-0012,WHD-2025-0001,WHD,labor,wage_hour,2025-07-17,,Unknown,164,1.0,0.0,0.0
WHD-2025-0001-0016,WHD-2025-0001,WHD,labor,wage_hour,2025-07-18,,Unknown,306,1.0,0.0,0.0
WHD-2025-0001-0041,WHD-2025-0001,WHD,labor,wage_hour,2025-07-21,,Unknown,170,0.0,0.0,1.0
WHD-2025-0001-0043,WHD-2025-0001,WHD,labor,wage_hour,2025-07-21,,Unknown,55,0.0,0.0,1.0
WHD-2025-0001-0021,WHD-2025-0001,WHD,labor,wage_hour,2025-07-18,,Unknown,260,1.0,0.0,0.0
WHD-2025-0001-0076,WHD-2025-0001,WHD,labor,wage_hour,2025-07-28,,Unknown,176,0.0,0.0,1.0
WHD-2025-0001-0011,WHD-2025-0001,WHD,labor,wage_hour,2025-07-17,,Unknown,360,0.0,0.0,1.0
WHD-2025-0001-0029,WHD-2025-0001,WHD,labor,wage_hour,2025-07-21,,Unknown,125,0.0,0.0,1.0
WHD-2025-0001-0039,WHD-2025-0001,WHD,labor,wage_hour,2025-07-21,,Unknown,289,1.0,0.0,0.0
WHD-2025-0001-0015,WHD-2025-0001,WHD,labor,wage_hour,2025-07-18,,Unknown,56,0.0,0.0,1.0
WHD-2025-0001-0071,WHD-2025-0001,WHD,labor,wage_hour,2025-07-28,,Unknown,85,0.0,0.0,1.0
WHD-2025-0001-0067,WHD-2025-0001,WHD,labor,wage_hour,2025-07-28,,Unknown,70,0.0,0.0,1.0
WHD-2025-0001-0063,WHD-2025-0001,WHD,labor,wage_hour,2025-07-28,,Unknown,106,0.0,0.0,1.0
WHD-2025-0001-0061,WHD-2025-0001,WHD,labor,wage_hour,2025-07-28,,Unknown,124,0.0,0.0,1.0
WHD-2025-0001-0091,WHD-2025-0001,WHD,labor,wage_hour,2025-07-28,,Unknown,93,0.0,0.0,1.0
WHD-2025-0001-0065,WHD-2025-0001,WHD,labor,wage_hour,2025-07-28,,Unknown,58,0.0,0.0,1.0
WHD-2025-0001-0100,WHD-2025-0001,WHD,labor,wage_hour,2025-07-28,,Unknown,112,0.0,0.0,1.0
WHD-2025-0001-0120,WHD-2025-0001,WHD,labor,wage_hour,2025-07-29,,Unknown,139,0.0,0.0,1.0
WHD-2025-0001-0115,WHD-2025-0001,WHD,labor,wage_hour,2025-07-29,,Unknown,107,0.0,0.0,1.0
WHD-2025-0001-0005,WHD-2025-0001,WHD,labor,wage_hour,2025-07-07,,Unknown,315,0.0,0.0,1.0
WHD-2025-0001-0111,WHD-2025-0001,WHD,labor,wage_hour,2025-07-29,,Unknown,104,0.0,0.0,1.0
WHD-2025-0001-0010,WHD-2025-0001,WHD,labor,wage_hour,2025-07-14,,Unknown,168,0.0,0.0,1.0
WHD-2025-0001-0077,WHD-2025-0001,WHD,labor,wage_hour,2025-07-28,,Unknown,51,0.0,0.0,1.0
WHD-2025-0001-0073,WHD-2025-0001,WHD,labor,wage_hour,2025-07-28,,Unknown,68,0.0,0.0,1.0
WHD-2025-0001-0151,WHD-2025-0001,WHD,labor,wage_hour,2025-08-25,,Unknown,394,0.0,0.0,1.0
WHD-2025-0001-0282,WHD-2025-0001,WHD,labor,wage_hour,2025-08-25,,Unknown,660,1.0,0.0,0.0
WHD-2025-0001-0957,WHD-2025-0001,WHD,labor,wage_hour,2025-08-25,,Unknown,150,0.0,0.0,1.0
WHD-2025-0001-1003,WHD-2025-0001,WHD,labor,wage_hour,2025-08-25,,Unknown,397,0.0,0.0,1.0
ETA-2025-0006-0185,ETA-2025-0006,ETA,labor,employment_training,2025-08-27,,Unknown,575,0.0,0.0,1.0
ETA-2025-0006-0368,ETA-2025-0006,ETA,labor,employment_training,2025-09-05,,Unknown,372,0.0,0.0,1.0
ETA-2025-0006-0005,ETA-2025-0006,ETA,labor,employment_training,2025-07-16,,Unknown,234,0.0,0.0,1.0
ETA-2025-0006-0332,ETA-2025-0006,ETA,labor,employment_training,2025-09-03,,Unknown,139,0.0,0.0,1.0
ETA-2025-0006-0004,ETA-2025-0006,ETA,labor,employment_training,2025-07-08,,Unknown,249,0.0,0.0,1.0
ETA-2025-0006-0003,ETA-2025-0006,ETA,labor,employment_training,2025-07-08,,Unknown,178,1.0,0.0,0.0
ETA-2025-0006-0352,ETA-2025-0006,ETA,labor,employment_training,2025-09-05,,Unknown,288,0.0,0.0,1.0
ETA-2025-0006-0334,ETA-2025-0006,ETA,labor,employment_training,2025-09-03,,Unknown,153,0.0,0.0,1.0
ETA-2025-0006-0328,ETA-2025-0006,ETA,labor,employment_training,2025-09-03,,Unknown,210,0.0,0.0,1.0
ETA-2025-0006-0329,ETA-2025-0006,ETA,labor,employment_training,2025-09-03,,Unknown,378,0.0,0.0,1.0
ETA-2025-0006-0331,ETA-2025-0006,ETA,labor,employment_training,2025-09-03,,Unknown,329,1.0,0.0,0.0
ETA-2025-0008-0025,ETA-2025-0008,ETA,labor,employment_training,2025-11-14,,Unknown,77,0.0,0.0,1.0
ETA-2025-0008-0527,ETA-2025-0008,ETA,labor,employment_training,2025-11-26,,Unknown,818,0.0,0.0,1.0
ETA-2025-0008-0013,ETA-2025-0008,ETA,labor,employment_training,2025-11-14,,Unknown,120,0.0,0.0,1.0
ETA-2025-0008-0483,ETA-2025-0008,ETA,labor,employment_training,2025-11-26,,Unknown,75,0.0,0.0,1.0
ETA-2025-0008-0475,ETA-2025-0008,ETA,labor,employment_training,2025-11-26,,Unknown,61,0.0,0.0,1.0
ETA-2025-0008-0015,ETA-2025-0008,ETA,labor,employment_training,2025-11-14,,Unknown,95,0.0,0.0,1.0
ETA-2025-0008-0011,ETA-2025-0008,ETA,labor,employment_training,2025-11-14,,Unknown,179,0.0,0.0,1.0
ETA-2025-0008-0012,ETA-2025-0008,ETA,labor,employment_training,2025-11-14,,Unknown,164,1.0,0.0,0.0
ETA-2025-0008-0502,ETA-2025-0008,ETA,labor,employment_training,2025-11-26,,Unknown,115,0.0,0.0,1.0
ETA-2025-0008-0031,ETA-2025-0008,ETA,labor,employment_training,2025-11-14,,Unknown,410,0.0,0.0,1.0
ETA-2025-0008-0006,ETA-2025-0008,ETA,labor,employment_training,2025-11-14,,Unknown,56,0.0,0.0,1.0
ETA-2025-0008-0529,ETA-2025-0008,ETA,labor,employment_training,2025-11-26,,Unknown,62,0.0,0.0,1.0
ETA-2025-0008-0002,ETA-2025-0008,ETA,labor,employment_training,2025-11-14,,Unknown,361,0.0,0.0,1.0
ETA-2025-0008-0039,ETA-2025-0008,ETA,labor,employment_training,2025-11-14,,Unknown,59,0.0,0.0,1.0
ETA-2025-0008-0482,ETA-2025-0008,ETA,labor,employment_training,2025-11-26,,Unknown,114,0.0,0.0,1.0
ETA-2025-0008-0490,ETA-2025-0008,ETA,labor,employment_training,2025-11-26,,Unknown,105,0.0,0.0,1.0
ETA-2025-0008-0566,ETA-2025-0008,ETA,labor,employment_training,2025-12-01,,Unknown,59,0.0,0.0,1.0
ETA-2025-0008-0677,ETA-2025-0008,ETA,labor,employment_training,2025-12-01,,Unknown,251,0.0,0.0,1.0
ETA-2025-0008-0557,ETA-2025-0008,ETA,labor,employment_training,2025-12-01,,Unknown,51,0.0,0.0,1.0
ETA-2025-0008-0554,ETA-2025-0008,ETA,labor,employment_training,2025-12-01,,Unknown,52,1.0,0.0,0.0
ETA-2025-0008-0556,ETA-2025-0008,ETA,labor,employment_training,2025-12-01,,Unknown,207,0.0,0.0,1.0
ETA-2025-0008-0553,ETA-2025-0008,ETA,labor,employment_training,2025-12-01,,Unknown,119,0.0,0.0,1.0
ETA-2025-0008-0716,ETA-2025-0008,ETA,labor,employment_training,2025-12-02,,Unknown,298,0.0,0.0,1.0
ETA-2025-0008-0718,ETA-2025-0008,ETA,labor,employment_training,2025-12-02,,Unknown,175,0.0,0.0,1.0
ETA-2025-0008-0710,ETA-2025-0008,ETA,labor,employment_training,2025-12-02,,Unknown,579,0.0,0.0,1.0
ETA-2025-0008-0579,ETA-2025-0008,ETA,labor,employment_training,2025-12-01,,Unknown,53,0.0,0.0,1.0
ETA-2025-0008-0439,ETA-2025-0008,ETA,labor,employment_training,2025-11-19,,Unknown,82,0.0,0.0,1.0
ETA-2025-0008-0426,ETA-2025-0008,ETA,labor,employment_training,2025-11-19,,Unknown,82,0.0,0.0,1.0
ETA-2025-0008-0415,ETA-2025-0008,ETA,labor,employment_training,2025-11-18,,Unknown,218,0.0,0.0,1.0
ETA-2025-0008-0445,ETA-2025-0008,ETA,labor,employment_training,2025-11-19,,Unknown,296,1.0,0.0,0.0
ETA-2025-0008-0451,ETA-2025-0008,ETA,labor,employment_training,2025-11-20,,Unknown,66,0.0,0.0,1.0
ETA-2025-0008-0454,ETA-2025-0008,ETA,labor,employment_training,2025-11-20,,Unknown,95,0.0,0.0,1.0
ETA-2025-0008-0457,ETA-2025-0008,ETA,labor,employment_training,2025-11-20,,Unknown,76,0.0,0.0,1.0
ETA-2025-0008-0464,ETA-2025-0008,ETA,labor,employment_training,2025-11-20,,Unknown,56,0.0,0.0,1.0
ETA-2025-0008-0434,ETA-2025-0008,ETA,labor,employment_training,2025-11-19,,Unknown,136,0.0,0.0,1.0
ETA-2025-0008-0446,ETA-2025-0008,ETA,labor,employment_training,2025-11-19,,Unknown,78,0.0,0.0,1.0
ETA-2025-0008-0461,ETA-2025-0008,ETA,labor,employment_training,2025-11-20,,Unknown,118,0.0,0.0,1.0
ETA-2025-0008-0432,ETA-2025-0008,ETA,labor,employment_training,2025-11-19,,Unknown,50,0.0,0.0,1.0
ETA-2025-0008-0474,ETA-2025-0008,ETA,labor,employment_training,2025-11-20,,Unknown,66,0.0,0.0,1.0
USDA-2025-0008-0737,USDA-2025-0008,USDA,agriculture,agriculture,2025-07-28,,Unknown,181,0.0,0.0,1.0
USDA-2025-0008-0142,USDA-2025-0008,USDA,agriculture,agriculture,2025-07-28,,Unknown,415,0.0,0.0,1.0
USDA-2025-0008-0143,USDA-2025-0008,USDA,agriculture,agriculture,2025-07-28,,Unknown,132,0.0,0.0,1.0
USDA-2025-0008-1016,USDA-2025-0008,USDA,agriculture,agriculture,2025-07-28,,Unknown,185,0.0,0.0,1.0
USDA-2025-0008-0191,USDA-2025-0008,USDA,agriculture,agriculture,2025-07-28,,Unknown,197,0.0,0.0,1.0
USDA-2025-0008-0712,USDA-2025-0008,USDA,agriculture,agriculture,2025-07-28,,Unknown,211,0.0,0.0,1.0
USDA-2025-0008-0687,USDA-2025-0008,USDA,agriculture,agriculture,2025-07-28,,Unknown,179,0.0,0.0,1.0
OSHA-2025-0006-0115,OSHA-2025-0006,OSHA,labor,workplace_safety,2025-08-28,,Unknown,227,0.0,0.0,1.0
OSHA-2025-0006-0278,OSHA-2025-0006,OSHA,labor,workplace_safety,2025-08-29,,Unknown,224,0.0,0.0,1.0
OSHA-2025-0006-0313,OSHA-2025-0006,OSHA,labor,workplace_safety,2025-11-03,,Unknown,475,0.0,0.0,1.0
OSHA-2025-0006-0122,OSHA-2025-0006,OSHA,labor,workplace_safety,2025-08-28,,Unknown,237,0.0,0.0,1.0
OSHA-2025-0006-0312,OSHA-2025-0006,OSHA,labor,workplace_safety,2025-11-03,,Unknown,379,0.0,0.0,1.0
OSHA-2025-0006-0300,OSHA-2025-0006,OSHA,labor,workplace_safety,2025-10-30,,Unknown,91,0.0,0.0,1.0
OSHA-2025-0006-0043,OSHA-2025-0006,OSHA,labor,workplace_safety,2025-08-22,,Unknown,287,0.0,0.0,1.0
OSHA-2025-0006-0034,OSHA-2025-0006,OSHA,labor,workplace_safety,2025-08-20,,Unknown,58,0.0,0.0,1.0
OSHA-2025-0006-0037,OSHA-2025-0006,OSHA,labor,workplace_safety,2025-08-22,,Unknown,238,0.0,0.0,1.0
OSHA-2025-0006-0017,OSHA-2025-0006,OSHA,labor,workplace_safety,2025-07-09,,Unknown,406,1.0,0.0,0.0
OSHA-2025-0006-0035,OSHA-2025-0006,OSHA,labor,workplace_safety,2025-08-22,,Unknown,247,0.0,0.0,1.0
HRSA-2025-0001-0401,HRSA-2025-0001,HRSA,health,health_resources,2025-09-08,,Unknown,400,0.0,0.0,1.0
HRSA-2025-0001-0438,HRSA-2025-0001,HRSA,health,health_resources,2025-09-08,,Unknown,379,0.0,0.0,1.0
HRSA-2025-0001-0420,HRSA-2025-0001,HRSA,health,health_resources,2025-09-08,,Unknown,135,1.0,0.0,0.0
HRSA-2025-0001-0287,HRSA-2025-0001,HRSA,health,health_resources,2025-09-08,,Unknown,306,1.0,0.0,0.0
HRSA-2025-0001-0414,HRSA-2025-0001,HRSA,health,health_resources,2025-09-08,,Unknown,614,0.0,0.0,1.0
HRSA-2025-0001-0404,HRSA-2025-0001,HRSA,health,health_resources,2025-09-08,,Unknown,606,0.0,0.0,1.0
HRSA-2025-0001-0389,HRSA-2025-0001,HRSA,health,health_resources,2025-09-08,,Unknown,356,0.0,0.0,1.0
HRSA-2025-0001-0411,HRSA-2025-0001,HRSA,health,health_resources,2025-09-08,,Unknown,112,0.0,0.0,1.0
HRSA-2025-0001-0628,HRSA-2025-0001,HRSA,health,health_resources,2025-09-09,,Unknown,157,0.0,0.0,1.0
HRSA-2025-0001-0657,HRSA-2025-0001,HRSA,health,health_resources,2025-09-09,,Unknown,165,1.0,0.0,0.0
HRSA-2025-0001-0367,HRSA-2025-0001,HRSA,health,health_resources,2025-09-08,,Unknown,161,0.0,0.0,1.0
HRSA-2025-0001-0653,HRSA-2025-0001,HRSA,health,health_resources,2025-09-09,,Unknown,109,1.0,0.0,0.0
HRSA-2025-0001-0601,HRSA-2025-0001,HRSA,health,health_resources,2025-09-09,,Unknown,107,0.0,0.0,1.0
HRSA-2025-0001-0494,HRSA-2025-0001,HRSA,health,health_resources,2025-09-08,,Unknown,71,0.0,0.0,1.0
HRSA-2025-0001-0495,HRSA-2025-0001,HRSA,health,health_resources,2025-09-08,,Unknown,689,0.0,0.0,1.0
HRSA-2025-0001-0570,HRSA-2025-0001,HRSA,health,health_resources,2025-09-09,,Unknown,126,0.0,1.0,0.0
HRSA-2025-0001-0587,HRSA-2025-0001,HRSA,health,health_resources,2025-09-09,,Unknown,619,1.0,0.0,0.0
HRSA-2025-0001-0124,HRSA-2025-0001,HRSA,health,health_resources,2025-09-08,,Unknown,244,1.0,0.0,0.0
HRSA-2025-0001-0652,HRSA-2025-0001,HRSA,health,health_resources,2025-09-09,,Unknown,96,1.0,0.0,0.0
HRSA-2025-0001-0611,HRSA-2025-0001,HRSA,health,health_resources,2025-09-09,,Unknown,683,0.0,0.0,1.0
HRSA-2025-0001-0619,HRSA-2025-0001,HRSA,health,health_resources,2025-09-09,,Unknown,86,0.0,0.0,1.0
HRSA-2025-0001-0602,HRSA-2025-0001,HRSA,health,health_resources,2025-09-09,,Unknown,185,1.0,0.0,0.0
HRSA-2025-0001-0633,HRSA-2025-0001,HRSA,health,health_resources,2025-09-09,,Unknown,96,1.0,0.0,0.0
HRSA-2025-0001-0141,HRSA-2025-0001,HRSA,health,health_resources,2025-09-08,,Unknown,751,0.0,0.0,1.0
HRSA-2025-0001-0339,HRSA-2025-0001,HRSA,health,health_resources,2025-09-08,,Unknown,74,0.0,0.0,1.0
HRSA-2025-0001-0319,HRSA-2025-0001,HRSA,health,health_resources,2025-09-08,,Unknown,246,1.0,0.0,0.0
HRSA-2025-0001-0308,HRSA-2025-0001,HRSA,health,health_resources,2025-09-08,,Unknown,278,1.0,0.0,0.0
HRSA-2025-0001-0328,HRSA-2025-0001,HRSA,health,health_resources,2025-09-08,,Unknown,196,0.0,0.0,1.0
HRSA-2025-0001-0338,HRSA-2025-0001,HRSA,health,health_resources,2025-09-08,,Unknown,52,0.0,0.0,1.0
HRSA-2025-0001-0971,HRSA-2025-0001,HRSA,health,health_resources,2025-09-09,,Unknown,94,1.0,0.0,0.0
HRSA-2025-0001-0950,HRSA-2025-0001,HRSA,health,health_resources,2025-09-09,,Unknown,105,0.0,0.0,1.0
HRSA-2025-0001-0774,HRSA-2025-0001,HRSA,health,health_resources,2025-09-09,,Unknown,102,1.0,0.0,0.0
HRSA-2025-0001-0862,HRSA-2025-0001,HRSA,health,health_resources,2025-09-09,,Unknown,576,1.0,0.0,0.0
HRSA-2025-0001-0889,HRSA-2025-0001,HRSA,health,health_resources,2025-09-09,,Unknown,109,0.0,0.0,1.0
HRSA-2025-0001-0845,HRSA-2025-0001,HRSA,health,health_resources,2025-09-09,,Unknown,95,1.0,0.0,0.0
HRSA-2025-0001-0887,HRSA-2025-0001,HRSA,health,health_resources,2025-09-09,,Unknown,58,0.0,0.0,1.0
HRSA-2025-0001-0753,HRSA-2025-0001,HRSA,health,health_resources,2025-09-09,,Unknown,277,0.0,0.0,1.0
HRSA-2025-0001-0734,HRSA-2025-0001,HRSA,health,health_resources,2025-09-09,,Unknown,120,0.0,0.0,1.0
HRSA-2025-0001-0881,HRSA-2025-0001,HRSA,health,health_resources,2025-09-09,,Unknown,130,0.0,0.0,1.0
HRSA-2025-0001-0766,HRSA-2025-0001,HRSA,health,health_resources,2025-09-09,,Unknown,95,1.0,0.0,0.0
FHWA-2025-0007-0030,FHWA-2025-0007,FHWA,political_environment,highways,2025-08-04,,Unknown,240,0.0,0.0,1.0
FHWA-2025-0007-0044,FHWA-2025-0007,FHWA,political_environment,highways,2025-08-05,,Unknown,129,1.0,0.0,0.0
FHWA-2025-0007-0057,FHWA-2025-0007,FHWA,political_environment,highways,2025-08-05,,Unknown,273,1.0,0.0,0.0
FHWA-2025-0007-0043,FHWA-2025-0007,FHWA,political_environment,highways,2025-08-05,,Unknown,115,0.0,0.0,1.0
FHWA-2025-0007-0040,FHWA-2025-0007,FHWA,political_environment,highways,2025-08-05,,Unknown,704,0.0,0.0,1.0
FHWA-2025-0007-0049,FHWA-2025-0007,FHWA,political_environment,highways,2025-08-05,,Unknown,189,1.0,0.0,0.0
FHWA-2025-0007-0018,FHWA-2025-0007,FHWA,political_environment,highways,2025-07-30,,Unknown,100,0.0,0.0,1.0
FHWA-2025-0007-0041,FHWA-2025-0007,FHWA,political_environment,highways,2025-08-05,,Unknown,101,1.0,0.0,0.0
FHWA-2025-0007-0024,FHWA-2025-0007,FHWA,political_environment,highways,2025-08-01,,Unknown,61,0.0,0.0,1.0
FHWA-2025-0007-0005,FHWA-2025-0007,FHWA,political_environment,highways,2025-07-14,,Unknown,276,0.0,0.0,1.0
EBSA-2025-0003-0025,EBSA-2025-0003,EBSA,labor,retirement,2025-07-03,,Unknown,323,0.0,0.0,1.0
EBSA-2025-0003-0050,EBSA-2025-0003,EBSA,labor,retirement,2025-07-07,,Unknown,124,0.0,0.0,1.0
EBSA-2025-0003-0009,EBSA-2025-0003,EBSA,labor,retirement,2025-07-01,,Unknown,159,0.0,0.0,1.0
EBSA-2025-0003-0039,EBSA-2025-0003,EBSA,labor,retirement,2025-07-03,,Unknown,112,0.0,0.0,1.0
EBSA-2025-0003-0041,EBSA-2025-0003,EBSA,labor,retirement,2025-07-03,,Unknown,326,0.0,0.0,1.0
EBSA-2025-0003-0036,EBSA-2025-0003,EBSA,labor,retirement,2025-07-03,,Unknown,186,1.0,0.0,0.0
APHIS-2025-0004-0028,APHIS-2025-0004,APHIS,agriculture,animal_health,2025-05-06,,Unknown,416,0.0,0.0,1.0
APHIS-2025-0004-0023,APHIS-2025-0004,APHIS,agriculture,animal_health,2025-05-06,,Unknown,53,0.0,0.0,1.0
APHIS-2025-0004-0030,APHIS-2025-0004,APHIS,agriculture,animal_health,2025-05-06,,Unknown,93,0.0,0.0,1.0
APHIS-2025-0004-0027,APHIS-2025-0004,APHIS,agriculture,animal_health,2025-05-06,,Unknown,93,0.0,0.0,1.0
APHIS-2025-0004-0040,APHIS-2025-0004,APHIS,agriculture,animal_health,2025-05-06,,Unknown,52,0.0,0.0,1.0
APHIS-2025-0004-0072,APHIS-2025-0004,APHIS,agriculture,animal_health,2025-05-15,,Unknown,126,0.0,0.0,1.0
APHIS-2025-0004-0073,APHIS-2025-0004,APHIS,agriculture,animal_health,2025-05-15,,Unknown,209,0.0,0.0,1.0
APHIS-2025-0004-0017,APHIS-2025-0004,APHIS,agriculture,animal_health,2025-05-06,,Unknown,410,0.0,0.0,1.0
APHIS-2025-0004-0103,APHIS-2025-0004,APHIS,agriculture,animal_health,2025-05-15,,Unknown,267,0.0,0.0,1.0
APHIS-2025-0004-0020,APHIS-2025-0004,APHIS,agriculture,animal_health,2025-05-06,,Unknown,147,0.0,0.0,1.0
APHIS-2025-0004-0008,APHIS-2025-0004,APHIS,agriculture,animal_health,2025-05-06,,Unknown,416,0.0,0.0,1.0
APHIS-2025-0004-0053,APHIS-2025-0004,APHIS,agriculture,animal_health,2025-05-12,,Unknown,132,0.0,0.0,1.0
APHIS-2025-0004-0069,APHIS-2025-0004,APHIS,agriculture,animal_health,2025-05-15,,Unknown,450,0.0,0.0,1.0
APHIS-2025-0004-0045,APHIS-2025-0004,APHIS,agriculture,animal_health,2025-05-07,,Unknown,93,0.0,0.0,1.0
APHIS-2025-0004-0117,APHIS-2025-0004,APHIS,agriculture,animal_health,2025-05-15,,Unknown,106,0.0,0.0,1.0
APHIS-2025-0004-0101,APHIS-2025-0004,APHIS,agriculture,animal_health,2025-05-15,,Unknown,118,0.0,0.0,1.0
APHIS-2025-0004-0080,APHIS-2025-0004,APHIS,agriculture,animal_health,2025-05-15,,Unknown,195,1.0,0.0,0.0
APHIS-2025-0004-0099,APHIS-2025-0004,APHIS,agriculture,animal_health,2025-05-15,,Unknown,446,0.0,0.0,1.0
APHIS-2025-0004-0004,APHIS-2025-0004,APHIS,agriculture,animal_health,2025-05-05,,Unknown,79,0.0,0.0,1.0
APHIS-2025-0004-0062,APHIS-2025-0004,APHIS,agriculture,animal_health,2025-05-13,,Unknown,134,0.0,0.0,1.0
APHIS-2025-0004-0106,APHIS-2025-0004,APHIS,agriculture,animal_health,2025-05-15,,Unknown,295,0.0,0.0,1.0
APHIS-2025-0004-0064,APHIS-2025-0004,APHIS,agriculture,animal_health,2025-05-13,,Unknown,68,0.0,0.0,1.0
APHIS-2025-0004-0044,APHIS-2025-0004,APHIS,agriculture,animal_health,2025-05-07,,Unknown,90,0.0,0.0,1.0
